"store_type","total_store_sales","percentage_of_overall_sales","number_of_orders"
"Local","313324","65.062212402611425818169000","78319"
"Mall Kiosk","53374","11.083193514626974766120600","13128"
"Outlet","36647","7.609806136518431151008800","9201"
"Super Store","78094","16.216339684701895443201000","19263"
"Web Portal","137","0.028448261541272820904500","43"
